{
  "samples": 5,
  "geodesic": {
    "accuracy_exact": 0.8,
    "precision": 0.8666666666666666,
    "recall": 1.0,
    "f1": 0.9,
    "jaccard": 0.8666666666666666,
    "hallucination_rate": 0.13333333333333333,
    "omission_rate": 0.0
  },
  "stock": {
    "accuracy_exact": 0.2,
    "precision": 0.9,
    "recall": 0.7999999999999999,
    "f1": 0.8133333333333332,
    "jaccard": 0.7,
    "hallucination_rate": 0.1,
    "omission_rate": 0.2
  },
  "csv": "latent_arc_denoise.csv"
}
