{
  "samples": 200,
  "geodesic": {
    "accuracy_exact": 0.56,
    "precision": 0.8008333333333337,
    "recall": 0.995,
    "f1": 0.8659999999999998,
    "jaccard": 0.8008333333333337,
    "hallucination_rate": 0.1991666666666666,
    "omission_rate": 0.005
  },
  "stock": {
    "accuracy_exact": 0.415,
    "precision": 0.8566666666666667,
    "recall": 0.7891666666666666,
    "f1": 0.7828333333333337,
    "jaccard": 0.6991666666666668,
    "hallucination_rate": 0.1433333333333333,
    "omission_rate": 0.21083333333333343
  },
  "plot_raw": "manifold_pca3_mesh_warped.png",
  "plot_fitted": "manifold_pca3_mesh_warped_fit.png",
  "csv": "latent_arc_denoise.csv",
  "denoise": {
    "accuracy_exact": 1.0,
    "precision": 0.9975294487930815,
    "recall": 0.9987647243965408,
    "f1": 0.9981467006393916,
    "jaccard": 0.996300315280634,
    "hallucination_rate": 0.0049411024138371305,
    "omission_rate": 0.0024705512069185653,
    "latent_arc_breakdown": {
      "A_axis": {
        "accuracy_exact": 1.0,
        "precision": 0.9975492840853594,
        "recall": 0.9987746420426797,
        "f1": 0.9981615837003407,
        "jaccard": 0.996329963368597,
        "hallucination_rate": 0.0049014318292811086,
        "omission_rate": 0.0024507159146405543
      },
      "B_quad": {
        "accuracy_exact": 1.0,
        "precision": 0.9975661124821906,
        "recall": 0.9987830562410952,
        "f1": 0.9981742104382914,
        "jaccard": 0.99635511944629,
        "hallucination_rate": 0.004867775035618636,
        "omission_rate": 0.002433887517809318
      },
      "C_ring": {
        "accuracy_exact": 1.0,
        "precision": 0.9975053233909993,
        "recall": 0.9987526616954998,
        "f1": 0.998128598910019,
        "jaccard": 0.996264249322308,
        "hallucination_rate": 0.004989353218001348,
        "omission_rate": 0.002494676609000674
      },
      "D_mix4": {
        "accuracy_exact": 1.0,
        "precision": 0.9975544345397063,
        "recall": 0.998777217269853,
        "f1": 0.998165447564408,
        "jaccard": 0.9963376727327826,
        "hallucination_rate": 0.004891130920587506,
        "omission_rate": 0.002445565460293753
      },
      "E_down": {
        "accuracy_exact": 1.0,
        "precision": 0.9974720894671515,
        "recall": 0.9987360447335757,
        "f1": 0.9981036625838996,
        "jaccard": 0.9962145715331928,
        "hallucination_rate": 0.005055821065697051,
        "omission_rate": 0.0025279105328485257
      }
    }
  }
}
